{
  "currencyDate": 1596598200330,
  "USDMXN": 22.574125,
  "USDPEN": 3.529566,
  "USDCLP": 771.702109,
  "USDCOP": 3782
}